pos_x,pos_y,rotation,side,designator,mpn,pack,footprint,value,mount_type
126.729,-47.946,90.0,top,ANG1,,,Molex_Pico-Clasp_2pin_Vertical,CONN HEADER SMD 2POS 1MM,smt
131.929,-47.94,90.0,top,ANG3,,,Molex_Pico-Clasp_2pin_Vertical,CONN HEADER SMD 2POS 1MM,smt
102.329788,-50.230356,180.0,top,BT1,B2B-PH-SM4-TBT,,JST_PH_S2B-PH-SM4-TB_1x02-1MP_P2.00mm_Horizontal,JST-PH-1x02-2.000mm,smt
126.761,-68.507,90.0,top,C10,,,C_0402_1005Metric,1uF,smt
114.002,-59.751,180.0,top,C11,CL05A105KO5NNNC,,C_0402_1005Metric,1uF,smt
113.922,-56.547,180.0,top,C12,CL05A105KO5NNNC,,C_0402_1005Metric,1uF,smt
124.945,-55.292,0.0,top,C14,,,C_0402_1005Metric,0.1uF,smt
102.982,-62.646,180.0,top,C15,CL05B104KO5NNNC,,C_0402_1005Metric,0.1uF,smt
130.142,-67.097,180.0,top,C16,,,C_0402_1005Metric,2.2nF,smt
126.8593,-70.994999,-90.0,top,C17,,,C_0402_1005Metric,1uF,smt
129.272,-69.156,180.0,top,C18,,,C_0402_1005Metric,0.1uF,smt
151.424,-55.465,0.0,top,C19,CL05B104KO5NNNC,,C_0402_1005Metric,0.1uF,smt
129.686,-65.708,90.0,top,C20,,,C_0402_1005Metric,2.2nF,smt
109.0,-64.5,90.0,top,C21,,,C_0402_1005Metric,10uF,smt
107.957,-61.677,0.0,top,C22,CL05A105KO5NNNC,,C_0402_1005Metric,1uF,smt
109.362,-62.351,90.0,top,C23,,,C_0402_1005Metric,10uF,smt
130.613,-65.716,90.0,top,C24,,,C_0402_1005Metric,2.2nF,smt
131.54,-65.716,90.0,top,C25,,,C_0402_1005Metric,2.2nF,smt
124.944,-56.212,0.0,top,C26,,,C_0402_1005Metric,1uF,smt
126.795,-56.43,0.0,top,C27,,,C_0402_1005Metric,0.1uF,smt
127.6,-75.090998,-90.0,top,C28,,,C_0402_1005Metric,1uF,smt
132.762,-75.572998,-90.0,top,C29,,,C_0402_1005Metric,10uF,smt
151.403,-56.396,0.0,top,C30,,,C_0402_1005Metric,10uF,smt
107.965,-54.818,0.0,top,C31,CL05B104KO5NNNC,,C_0402_1005Metric,0.1uF,smt
111.71,-59.714,180.0,top,C4,CL05A105KO5NNNC,,C_0402_1005Metric,1uF,smt
107.814,-60.46,180.0,top,C46,GRT155R61C474KE01D,,C_0402_1005Metric,0.47uF,smt
111.8983,-56.591,180.0,top,C5,CL05A105KO5NNNC,,C_0402_1005Metric,1uF,smt
127.384,-54.82,90.0,top,C59,,,C_0402_1005Metric,1uF,smt
127.672,-68.513,90.0,top,C6,,,C_0402_1005Metric,0.1uF,smt
128.326,-54.82,90.0,top,C61,,,C_0402_1005Metric,0.1uF,smt
131.42,-57.179,180.0,top,C66,,,C_0402_1005Metric,0.1uF,smt
148.502,-55.9012,90.0,top,C9,CL05A105KO5NNNC,,C_0402_1005Metric,1uF,smt
145.152,-47.156,0.0,top,CANFD1,,,JST_SMD_1.0mm-4_Vertical,JST-SH-1x04 1.0mm,smt
94.185,-69.699,180.0,top,CHARGLED2,,,LED_0603_1608Metric,RED_LED,smt
94.191,-67.091,180.0,top,CHARGLED3,,,LED_0603_1608Metric,YELLOW_LED,smt
136.0565,-54.731,0.0,top,D2,,,SOT-23,NUP2105L,smt
119.217,-47.51,0.0,top,FP1,,,Molex_Pico-Clasp_501331-0607_1x06-1MP_P1.00mm_Vertical,CONN HEADER SMD 6POS 1MM,smt
95.393,-60.9191,-90.0,top,J1,USB4105-GF-A,,USB_C_Receptacle_GCT_USB4105-xx-A_16P_TopMnt_Horizontal,USB_C_Receptacle_USB2.0,smt
110.644,-50.922,90.0,top,J2,,,SAMTEC_FTSH-105-01-F-DV-P-TR,Programming Header,smt
143.9332,-66.6807,-90.0,top,MCU1,ESP32-S3-WROOM-2-N32R8V,,ESP32-S3-WROOM-2,ESP32-S3-WROOM-2,smt
129.686,-51.382,180.0,top,R1,ERJ-2RKF1001X,,R_0402_1005Metric,10k,smt
104.323,-64.591,90.0,top,R11,ERJ-2RKF2201X,,R_0402_1005Metric,13k,smt
138.788,-50.057,180.0,top,R12,ERJ-2RKF2201X,,R_0402_1005Metric,2k2,smt
140.792,-50.05,0.0,top,R13,ERJ-2RKF2201X,,R_0402_1005Metric,2k2,smt
132.399,-68.512,180.0,top,R14,ERJ-2RKF2201X,,R_0402_1005Metric,2k2,smt
132.39,-69.817,180.0,top,R16,ERJ-2RKF2201X,,R_0402_1005Metric,2k2,smt
133.642,-54.938,90.0,top,R19,,,R_0402_1005Metric,120,smt
134.803,-51.318,180.0,top,R2,ERJ-2RKF1001X,,R_0402_1005Metric,10k,smt
105.259,-64.601,-90.0,top,R21,ERJ-2RKF1001X,,R_0402_1005Metric,10k,smt
105.4906,-57.1934,90.0,top,R3,,,WSTC080R003_20,5mOhm,smt
103.383,-64.591,90.0,top,R4,,,R_0402_1005Metric,0.43k,smt
96.72,-69.723,0.0,top,R42,,,R_0402_1005Metric,604R,smt
96.88,-67.085,0.0,top,R43,,,R_0402_1005Metric,604R,smt
149.4418,-55.9012,90.0,top,R5,ERJ-2RKF1002X,,R_0402_1005Metric,10k,smt
96.721,-50.715,180.0,top,R50,,,R_0402_1005Metric,261,smt
96.694,-53.649,180.0,top,R51,,,R_0402_1005Metric,549,smt
101.12,-62.675,180.0,top,R6,ERJ-2RKF5101X,,R_0402_1005Metric,5k1,smt
101.112,-59.401,180.0,top,R7,ERJ-2RKF5101X,,R_0402_1005Metric,5k1,smt
116.007,-50.939,0.0,top,R8,ERJ-2RKF1002X,,R_0402_1005Metric,10k,smt
142.266,-53.716,90.0,top,SW1,,,SW_SPST_PTS810,PTS810,smt
146.093,-53.716,-90.0,top,SW2,,,SW_SPST_PTS810,PTS810,smt
118.578,-53.271,0.0,top,SW3,,,SW_SPST_PTS810,PTS810,smt
138.09,-47.087,0.0,top,TOUCH1,BM04B-SRSS-TB,,JST_SMD_1.0mm-4_Vertical,JST-SH-1x04 1.0mm,smt
110.148,-73.887,0.0,top,TOUCH2,,,CON_541323262_MOL,FFCHEADER,smt
101.69,-61.073,0.0,top,U1,,,SOT-666,USBLC6-2P6,smt
107.07805,-63.9623,-90.0,top,U12,,,WSON10_DLH_TEX,BQ25185DLHR,smt
129.239,-71.175,180.0,top,U13,,,LGA14_2P5X3X0P91_TDK,ICM-42670-P,smt
108.2866,-57.6894,-90.0,top,U14,,,TDFN-14-EP-ADI,MAX17260SETD+T,smt
130.306001,-74.680999,0.0,top,U3,,,MMC5983MA_MEM,MMC5983MA,smt
113.93315,-57.9916,-90.0,top,U4,,,XDFN4_1X1_711AJ_ONS,NCP167AMX330TBG,smt
123.90701,-62.249,0.0,top,U5,,,TQFP48_INFINEON,CY8C4149AZI-S593,tht
131.0022,-54.913999,0.0,top,U8,,,VSON8-DRB_TEX,TCAN3413DRBR,smt
111.86415,-58.0174,-90.0,top,U9,,,XDFN4_1X1_711AJ_ONS,NCP167AMX330TBG,smt
94.233,-50.898,180.0,top,USER_LED1,,,LED_0603_1608Metric,ORANGE_LED,smt
94.228,-53.644,180.0,top,USER_LED2,,,LED_0603_1608Metric,BLUE_LED,smt
