﻿Designator,Quantity,Value,Footprint,Package,MPN,DNP,Mount_Type,Description,Mfg Part #,Manufacturer,Description Value Pkg
"ANG1, ANG2, ANG3",3,CONN HEADER SMD 2POS 1MM,Molex_Pico-Clasp_2pin_Vertical,,,,smt,"Connector Header Surface Mount 2 position 0.039"" (1.00mm)",5013310207,Molex,
BOARDLAYOUT1,1,LAYOUT,board-layout,,,,tht,,,,
BT1,1,JST-PH-1x02-2.000mm,JST_PH_S2B-PH-SM4-TB_1x02-1MP_P2.00mm_Horizontal,,B2B-PH-SM4-TBT,,smt,,S2B-PH-SM4-TB,JST Sales America Inc.,"Connector Header Surface Mount, Right Angle 2 position 0.079"" (2.00mm)"
"C11, C12, C22, C4, C5, C9",6,1uF,C_0402_1005Metric,,CL05A105KO5NNNC,,smt,,CL05A105KO5NNNC,Samsung Electro-Mechanics,1 µF ±10% 16V Ceramic Capacitor X5R 0402 (1005 Metric)
"C13, C21, C23",3,10uF,C_0603_1608Metric,,CL10A105KO8NNNC,,smt,,CL10A106KO8NNNC,Samsung Electro-Mechanics,10 µF ±10% 6.3V Ceramic Capacitor X5R 0603 (1608 Metric)
"C15, C19, C7",3,0.1uF,C_0402_1005Metric,,CL05B104KO5NNNC,,smt,0.1 µF ±10% 16V Ceramic Capacitor X7R 0402 (1005 Metric),CL05B104KO5NNNC,Samsung Electro-Mechanics,0.1 µF ±10% 16V Ceramic Capacitor X7R 0402 (1005 Metric)
C17,1,1uF,C_0402_1005Metric,,,,smt,1 µF ±10% 16V Ceramic Capacitor X5R 0402 (1005 Metric),CL05A105KO5NNNC,Samsung Electro-Mechanics,
C18,1,0.1uF,C_0402_1005Metric,,,,smt,0.1 µF ±10% 16V Ceramic Capacitor X7R 0402 (1005 Metric)\,CL05B104KO5NNNC,Samsung Electro-Mechanics,
C3,1,220nF,C_0402_1005Metric,,CL05B104KO5NNNC,,smt,,CL05B224KO5NNNC,Samsung Electro-Mechanics,0.22 µF ±10% 16V Ceramic Capacitor X7R 0402 (1005 Metric)
C8,1,0.47uF,C_0402_1005Metric,,GRT155R61C474KE01D,,smt,0.47 µF ±10% 16V Ceramic Capacitor X5R 0402 (1005 Metric),GRT155R61C474KE01D,Murata Electronics,
CHARGLED1,1,S1,LED_0402_1005Metric,,APHHS1005SURCK,,smt,,APHHS1005SURCK,Kingbright,Red 630nm LED Indication - Discrete 1.95V 0402 (1005 Metric)
FP1,1,CONN HEADER SMD 6POS 1MM,Molex_Pico-Clasp_501331-0607_1x06-1MP_P1.00mm_Vertical,,,,smt,"Connector Header Surface Mount 6 position 0.039"" (1.00mm)",5013310607,Molex,
"H1, H2, H3",3,MountingHole,MountingHole_2.2mm_M2,,,,tht,,,,
J1,1,USB_C_Receptacle_USB2.0,USB_C_Receptacle_GCT_USB4105-xx-A_16P_TopMnt_Horizontal,,USB4105-GF-A,,smt,,USB4105-GF-A,GCT,"USB-C (USB TYPE-C) USB 2.0 Receptacle Connector 24 (16+8 Dummy) Position Surface Mount, Right Angle; Through Hole"
MCU1,1,ESP32-S3-WROOM-2,ESP32-S3-WROOM-2,,ESP32-S3-WROOM-2-N32R8V,,smt,,ESP32-S3-WROOM-2-N32R8V,Espressif Systems,"Bluetooth, WiFi 802.11b/g/n, Bluetooth v5.0 Transceiver Module 2.4GHz PCB Trace Surface Mount"
"R1, R2, R21",3,10k,R_0402_1005Metric,,ERJ-2RKF1001X,,smt,,ERJ-2RKF1002X,Panasonic Electronic Components,"10 kOhms ±1% 0.1W, 1/10W Chip Resistor 0402 (1005 Metric) Automotive AEC-Q200 Thick Film"
"R10, R8",2,1k,R_0402_1005Metric,,ERJ-2RKF1001X,,smt,,ERJ-2RKF1001X,Panasonic Electronic Components,"1 kOhms ±1% 0.1W, 1/10W Chip Resistor 0402 (1005 Metric) Automotive AEC-Q200 Thick Film"
R11,1,13k,R_0402_1005Metric,,ERJ-2RKF2201X,,smt,"13 kOhms ±1% 0.1W, 1/10W Chip Resistor 0402 (1005 Metric) Automotive AEC-Q200 Thick Film",ERJ-2RKF1302X,Panasonic Electronic Components,
"R12, R13, R3, R4, R9",5,2k2,R_0402_1005Metric,,ERJ-2RKF2201X,,smt,,ERJ-2RKF2201X,Panasonic Electronic Components,"2.2 kOhms ±1% 0.1W, 1/10W Chip Resistor 0402 (1005 Metric) Automotive AEC-Q200 Thick Film"
R15,1,0.3k,R_0402_1005Metric,,ERJ-2RKF2201X,,smt,"300 Ohms ±1% 0.1W, 1/10W Chip Resistor 0402 (1005 Metric) Automotive AEC-Q200 Thick Film",ERJ-2RKF3000X,Panasonic Electronic Components,
R5,1,10k,R_0402_1005Metric,,ERJ-2RKF1002X,,smt,,ERJ-2RKF1002X,Panasonic Electronic Components,"10 kOhms ±1% 0.1W, 1/10W Chip Resistor 0402 (1005 Metric) Automotive AEC-Q200 Thick Film"
"R6, R7",2,5k1,R_0402_1005Metric,,ERJ-2RKF5101X,,smt,,ERJ-2RKF5101X,Panasonic Electronic Components,"5.1 kOhms ±1% 0.1W, 1/10W Chip Resistor 0402 (1005 Metric) Automotive AEC-Q200 Thick Film"
STATLED1,1,WIFISTATUS,LED_0402_1005Metric,,APHHS1005SURCK,,smt,,IN-S42BT5B,Inolux,Blue 467nm LED Indication - Discrete 2.9V 0402 (1005 Metric)
STATLED2,1,GENERAL STATUS,LED_0402_1005Metric,,APHHS1005SURCK,,smt,,IN-S42BT5A,Inolux,Amber 605nm LED Indication - Discrete 2V 0402 (1005 Metric)
"SW1, SW2",2,B3U-1000P,SW_SPST_B3U-1000P,,PTS810 SJM 250 SMTR LFS,,smt,,B3U-1000P,Omron Electronics Inc-EMC Div,Tactile Switch SPST-NO Top Actuated Surface Mount
TOUCH1,1,JST-SH-1x04 1.0mm,JST_SMD_1.0mm-4_Vertical,,BM04B-SRSS-TB,,smt,"Connector Header Surface Mount 4 position 0.039"" (1.00mm)",BM04B-SRSS-TB,https://www.jst-mfg.com/product/pdf/eng/eSH.pdf,"Connector Header Surface Mount 4 position 0.039"" (1.00mm)"
TP1,1,TestPoint,TestPoint_Pad_D1.0mm,,,,tht,,,,
U1,1,USBLC6-2P6,SOT-666,,,,smt,17V Clamp 5A (8/20µs) Ipp Tvs Diode Surface Mount SOT-666,USBLC6-2P6,STMicroelectronics,
U11,1,MAX17262REWL+T,MAX17262,,,,smt,Battery Fuel Gauge IC LiFePO4/Li-ion 9-WLP (1.47x1.45),MAX17262REWL+T,Analog Devices Inc./Maxim Integrated,
U12,1,BQ25185DLHR,WSON10_DLH_TEX,,,,smt,Charger IC Multi-Chemistry 10-WSON (2.2x2),BQ25185DLHR,Texas Instruments,
U13,1,ICM-42670-P,LGA14_2P5X3X0P91_TDK,,,,smt,"Accelerometer, Gyroscope, 6 Axis Sensor Output",ICM-42670-P,TDK InvenSense,
U2,1,MMC5633NJL,WLP-4_0.86x0.86mm_P0.4mm,,,,smt,"3-axis AMR Magnetometer, 30 G, I2C & I3C  Interface, 2mG RMS, WLP-4",MMC5633NJL,Memsic,
"U4, U9",2,NCP167AMX330TBG,XDFN4_1X1_711AJ_ONS,,,,smt,3.3V Linear Voltage Regulator IC Positive Fixed 1 Output 700mA 4-XDFN (1x1),NCP167AMX330TBG,onsemi,
