﻿designator,quantity,value,pack,mpn,mount_type
"ANG1, ANG2, ANG3",3,JST-SH-1.00mm 1x2,JST_SH_BM02B-SRSS-TB_1x02-1MP_P1.00mm_Vertical,BM02B-SRSS-TB,smt
BOARDLAYOUT1,1,LAYOUT,board-layout,,tht
BT1,1,JST-PH-1x02-2.000mm,JST_PH_S2B-PH-SM4-TB_1x02-1MP_P2.00mm_Horizontal,B2B-PH-SM4-TBT,smt
"C1, C15, C19, C20, C7",5,0.1uF,C_0402_1005Metric,CL05B104KO5NNNC,smt
"C10, C11, C12, C22, C4, C5, C6, C9",8,1uF,C_0402_1005Metric,CL05A105KO5NNNC,smt
"C13, C21, C23",3,10uF,C_0603_1608Metric,CL10A105KO8NNNC,smt
C18,1,220nF,C_0402_1005Metric,CL05B104KO5NNNC,smt
C2,1,0.47uF,C_0402_1005Metric,GRT155R61C474KE01D,smt
CHARGLED1,1,S1,LED_0402_1005Metric,APHHS1005SURCK,smt
CHARGLED2,1,S2,LED_0402_1005Metric,APHHS1005SURCK,smt
"H1, H2",2,MountingHole,MountingHole_3.2mm_M3_DIN965,,tht
J1,1,USB_C_Receptacle_USB2.0,USB_C_Receptacle_GCT_USB4105-xx-A_16P_TopMnt_Horizontal,USB4105-GF-A,smt
MCU1,1,ESP32-S3-WROOM-2,ESP32-S3-WROOM-2,ESP32-S3-WROOM-2-N32R8V,smt
"R1, R10, R2, R22, R3, R8",6,1k,R_0402_1005Metric,ERJ-2RKF1001X,smt
"R12, R13",2,2k2,R_0402_1005Metric,ERJ-2RKF2201X,smt
"R14, R5",2,10k,R_0402_1005Metric,ERJ-2RKF1002X,smt
R19,1,0.43k,R_0402_1005Metric,ERJ-2RKF2201X,smt
R20,1,13k,R_0402_1005Metric,ERJ-2RKF2201X,smt
R21,1,10k,R_0402_1005Metric,ERJ-2RKF1001X,smt
"R6, R7",2,5k1,R_0402_1005Metric,ERJ-2RKF5101X,smt
STATLED1,1,WIFISTATUS,LED_0402_1005Metric,APHHS1005SURCK,smt
STATLED2,1,GENERAL STATUS,LED_0402_1005Metric,APHHS1005SURCK,smt
"SW1, SW2",2,B3U-1000P,SW_SPST_B3U-1000P,PTS810 SJM 250 SMTR LFS,smt
"TOUCH1, TOUCH2",2,JST-SH-1x04 1.0mm,JST_SH_BM04B-SRSS-TB_1x04-1MP_P1.00mm_Vertical,BM04B-SRSS-TB,smt
TP1,1,TestPoint,TestPoint_Pad_D1.0mm,,tht
U1,1,USBLC6-2P6,SOT-666,USBLC6-2P6,smt
U10,1,BQ25185DLHR,WSON10_DLH_TEX-M,,smt
"U3, U4",2,NCV8187AMT330TAG,NCV8187AMT330TAG_ONS-L,,smt
U6,1,MAX17262REWL+T,21-100221A_W91G1&plus_3_MXM,,smt
U7,1,LSM6DSV16XTR,LGA14L_LSM6_STM,,smt
U8,1,IIS2MDCTR,LGA-12_2X2X0P7_STM,,smt
